Name,Email,Phone_number,City,Address,GPA
Rebecca Velez1134,kimberly25@example.org,9842401946,Port Paulaton,"PSC 4929, Box 4055
APO AP 96787",3.08
Phyllis Ramirez MD,tracy34@example.net,2721761658,Phillipsport,"796 Smith Skyway Suite 414
Moralesville, AS 74589",8
William Jackson,brenda93@example.org,0003379632,Matthewfort,"6952 Jesse Mews Apt. 357
South Shirleyfurt, NY 53348",7.16
David Schneider543234,crystalkent@example.org3131,fsddfs9566094645,Perezville,"896 Farmer Prairie Apt. 320
Robertmouth, CA 04971",9.66
Claudia Blair,leeroach@example.org,7856930643,Toddport,"0291 White Island Suite 769
North Jennifer, FM 11415",9.46
Peter Richardson,banksryan@example.org,4025384331,Port Bryce,"3280 Summer Avenue Suite 568
Jordanberg, GA 17464",5.86
Charles Howard,friedmanmolly@example.net,0189754019,Johnstonmouth,"55042 Davidson Station
Michaelfurt, MT 34397",5.12
Caitlin Bradley,wadetimothy@example.org,0813759524,Bridgesview,"271 Kathleen Land Suite 589
North Brian, SC 11950",9.62
Renee Owen,samuel72@example.org,8214464004,Weeksburgh,"331 Thomas Ports Suite 826
South Kathleenmouth, HI 75756",8.22
Melissa Diaz,rwall@example.com,1703589911,Davisburgh,"03243 Elizabeth Hill
Margaretberg, RI 74542",8.14
Benjamin Mullins,flopez@example.org,0165036111,Harrisonstad,"07281 Miguel Path Apt. 135
Port Kyle, NV 65043",6.05
Alexis Carpenter,amandaadams@example.net,6266944713,North Michaelville,"USS Gregory
FPO AA 61667",3.18
Matthew Smith,timothy80@example.com,8785660461,North Andreaberg,"559 Reynolds Flats Suite 105
Markton, IN 59446",7.57
Richard Fry,andersonjulie@example.net,9287794949,Larsonton,"12430 Davenport Drive
North Chelsey, MI 42791",5.27
Sarah Gray,yvonne49@example.org,7631200890,Parkerside,"02763 Neal Extensions Suite 989
Russellmouth, VT 36196",2.43
Antonio Rodriguez,shafferkathleen@example.com,0530962839,Jaybury,"8584 Andre Circles Suite 760
West Michele, DC 61090",6.76
Emily Johnson,bryanjulia@example.com,4266487973,Grimeshaven,"15711 Peggy Points
Cynthiahaven, VI 51611",4.87
Dorothy Edwards,nicolegomez@example.org,9811303031,New Benjamin,"80737 Key Drive
Rachelburgh, MN 33169",8.49
Jennifer Smith,bsimmons@example.org,6815310559,Ellisport,"Unit 1584 Box 1274
DPO AE 47521",8.36
James Baker,heidi40@example.net,4063471917,Gatesborough,"02881 Cook View Suite 439
Barbarabury, DC 56562",5.18
Leah Miller,owenskimberly@example.org,1133267854,Lake Michaelville,"4682 Steven Circle
South James, AS 25855",2.35
Katie Jimenez,elizabethwolfe@example.org,5626459277,Cassandramouth,"Unit 8559 Box 1416
DPO AE 94636",9.72
Mason Allen,samuelwilliams@example.net,7548683129,South Samanthaburgh,"7539 Haynes Station
South Trevorbury, VA 76883",3.49
Natalie Shaffer,lawsonchelsea@example.com,7813174977,Carlosmouth,"Unit 3242 Box 6209
DPO AP 24346",5.86
Katherine Dunlap,emiller@example.com,9706949831,Robertschester,"5258 Simpson Flats Apt. 593
Alexanderhaven, NC 75743",6.3
Caroline Clayton,brownfrank@example.org,5426941111,Rodriguezfort,"389 Chad Row Apt. 865
Matthewmouth, ID 75846",6.5
Andrea Williams,charles94@example.net,0754996110,West Emily,"46459 Jensen Bypass
Cruzburgh, UT 31943",6.89
Mr. Richard Williams,crystal67@example.org,1761184654,Carmenfort,"969 Carr Corners
Ellisonmouth, VT 89940",7.79
Sean Burnett,ryan44@example.org,9329318277,Lake Jamieberg,"093 Blanchard Freeway Apt. 935
East John, MT 81582",2.07
Aaron Wells,robert96@example.com,3007710267,New Steven,"014 Davis Falls Apt. 477
Allisonland, NY 69806",3.51
James Hill,fhenderson@example.net,9966853240,Youngchester,"821 Kidd Meadow
East Jessica, IN 89052",5.18
Timothy Guzman,tsanchez@example.net,9352189073,Brianmouth,"5300 Proctor Walk
Lake Jose, AS 01894",8.07
Charles Willis,jamesgregory@example.org,0150359787,Patrickstad,"05388 Lee Pike
Annhaven, KY 72921",8.27
Jessica Thomas,craigamber@example.org,8501724855,Thomasberg,"80717 Serrano Meadows
Monroemouth, VI 06645",2.55
Daniel Phillips MD,bailey63@example.com,0549677668,Lake Seanport,"63425 Johnson Lodge Apt. 059
Zacharyville, NM 55461",3.19
Jason Martin,stewartmegan@example.com,9399507123,Port Amber,"5447 Russell Trail Suite 651
Bushshire, MD 83981",6.2
Howard Shelton,brittany88@example.net,6083781836,Debraside,"07571 Vincent Dale
Port Jesustown, AS 78767",8.27
Jordan Gutierrez,amanda92@example.org,0789158262,North Candace,"Unit 5466 Box 5365
DPO AP 13836",7.56
Morgan Wiggins,davisjoseph@example.com,2163505700,Anthonyborough,"110 Christina Knolls
North Melindaborough, VT 49374",6.77
Tina Herman,keithevans@example.net,6492618144,South Jermaine,"PSC 0041, Box 0318
APO AP 39843",3.95
Jesse Bates,briankelley@example.org,2975801624,Nathanielshire,"Unit 6373 Box 3617
DPO AE 22341",5.04
Morgan Taylor,ulynch@example.org,7515457156,Ericland,"4069 Cassandra Glens Apt. 555
Sullivanmouth, CA 81872",3.57
Travis Williams,reedkathryn@example.com,6973651832,Lake Lauramouth,"515 Courtney Mission
Nicholasland, OH 06657",6.39
Amanda Johnson,robert42@example.net,6662951749,East Gloria,"USCGC Nelson
FPO AE 88446",2.09
Amy Burnett,bryantjeffrey@example.org,0035268612,Katherineburgh,"347 Claire Divide Apt. 979
New Lucasbury, IL 76768",9.11
Robert Hancock,yvasquez@example.net,6371566876,Taylortown,"4736 Amber Roads
North Elizabethton, PW 62391",9.19
Emily Young,olivia30@example.org,0624123916,Melaniemouth,"2654 Roberts Plains Suite 328
South Martin, GA 60123",1.65
Alison Colon,kevin84@example.net,2418299712,Michaelburgh,"119 Clark Locks
Juliehaven, CA 81014",6.86
Alyssa Mcintyre,hullkenneth@example.com,5943061907,Lake Marthaland,"0715 Wood Wells
Port Kathrynmouth, WA 49462",1.72
Jennifer Phillips,gbrewer@example.org,5054506705,Mortonland,"7646 Michael Fords Apt. 917
South Joseph, AL 81563",8.26
Jonathan Estrada,adamburton@example.net,3084524735,North Bryanport,"1945 Daniel Plain
Haleyborough, DC 88716",3.47
James Kirby Jr.,jamie98@example.net,2962376599,Port Brianport,"1168 Lee Crossroad Apt. 200
Port Megan, WV 58781",3.35
Lance Garcia,alexander05@example.com,4065365693,Kimland,"USS Fletcher
FPO AP 72162",9.32
Tyler Davis,christianjones@example.com,5458639195,Duranfort,"48377 Jennifer Alley
Paulborough, AK 90881",3.34
Margaret Jackson,lopezsamantha@example.com,7432208904,Davisborough,"235 Timothy Divide Suite 762
South Melody, AS 08392",5.02
Paul Haley,chanjessica@example.net,6850175100,Port Danny,"6743 Weeks Corner Apt. 265
New Kennethland, WI 18766",8.9
Michael Young,fitzgeraldkathleen@example.com,3443938734,Williamsmouth,"00884 Little Junction Suite 323
Hallmouth, IN 15021",8.3
Catherine Hess,shanelopez@example.net,3286220661,East Benjamin,"268 Singleton Plains Apt. 439
Charlesport, WY 14944",2.23
Alyssa Carter,kleinzachary@example.net,1432810617,Shafferburgh,"USNS James
FPO AP 46716",6.52
Ricky Ryan,dgarza@example.net,1807071499,North Johnfurt,"009 Linda Springs
Lake Christina, NV 07826",9.93
Tiffany Hooper,istone@example.net,9346533506,Rosarioland,"834 Ashley Villages Apt. 794
Jasonmouth, WY 83847",3.47
Matthew Smith,nancy75@example.net,7785513173,Suarezbury,"4115 Courtney Inlet
New Brianna, AL 04509",3.27
Joshua Watson,justinkirk@example.org,4176198545,Lopezburgh,"876 White Hill Apt. 759
Marieshire, NM 54233",1.1
Jeffrey Keller,alicia73@example.com,9751163752,Vargasport,"50190 Smith Mill Suite 907
New Jacobmouth, LA 04881",8.07
Jon Andrade,sanchezjennifer@example.net,8721525115,Kennethtown,"502 Maria Drive
Greenland, NJ 72457",1.69
Carla Nicholson,veronica66@example.net,1324226361,New Jacqueline,"37905 Mcguire Spurs
Johnhaven, MT 43181",6.24
Jennifer Chavez,hoganbrandi@example.net,7259244305,East Tracie,"PSC 5867, Box 8550
APO AP 87677",7.69
Calvin Cole,davisdiana@example.org,2109617882,West Roberttown,"16447 Candice Curve Apt. 477
South Garrett, MS 19196",6.16
Bianca Anderson,powellrose@example.com,1790526175,North Laurie,"5510 Lisa Groves Apt. 857
Jordanhaven, OH 77749",5.11
Victoria Hayes,jenna76@example.com,1981296401,South Robin,"73395 Cory Centers Apt. 947
North Morgan, NH 98447",7.69
Jessica Smith,kristenrichardson@example.org,7771055036,West Josephview,"344 Rice Junctions Apt. 516
Morrisshire, NV 20468",4.23
Zoe Luna,knightmichelle@example.net,5817178443,Shaunfort,"8714 Kim Lane
Douglasfurt, IA 27748",5.84
Rachael Sims,kennethsmith@example.org,7030378420,Jillview,"498 Jordan Vista Apt. 660
New Molly, UT 78753",8.36
Veronica Cameron,rcook@example.net,0156620786,Paulland,"331 Drake Bridge
Jeremytown, NY 84036",1.24
Sarah Smith,wpalmer@example.com,5420573182,East Ashleyberg,"1597 Diana Turnpike Suite 936
Debraland, HI 37956",5.08
Aaron Phillips,heatherpeters@example.org,9217175771,West Shelleyfort,"677 Joseph Mountain
Joemouth, MN 15329",9.4
Craig Garcia,wendyscott@example.net,6532603785,Matthewberg,"Unit 4804 Box 3736
DPO AA 49994",9.12
Anthony Roberts MD,alexdavis@example.org,5406955270,Port Andrew,"07898 James Spurs
Hansenbury, MT 96477",5.8
Robert Marshall,thomasmichael@example.org,4303588013,East Justinbury,"8815 Sandoval Mall Suite 085
Tuckerview, MD 75747",3.82
Brett Martinez,smithtimothy@example.com,8503561686,North Maryview,"1940 Park Parks
Port Ryanmouth, NY 12866",3.66
Peter Johnson,davidthompson@example.org,5473289476,Lake William,"094 Odonnell Isle
Katherineside, MO 70255",8.07
William Martinez,hpacheco@example.com,2315566312,New Lisamouth,"1009 Robert Tunnel Suite 340
New Sean, SD 91135",6.63
Terry Atkins,richardbrown@example.com,5513826586,North Jeremy,"68369 Lynn Inlet
Cindyview, ND 03513",4.14
Caitlin Carey,chanjulia@example.org,1845444566,Robertfort,"Unit 9495 Box 1468
DPO AE 73056",1.46
Becky Morris,claytonramos@example.net,6060130441,Port Marcusborough,"5702 Frank Square Suite 920
Perezchester, DC 80105",8.96
Kimberly Lucero,hillrebecca@example.net,2412473376,Pateltown,"9557 Anna Plaza Apt. 155
South Monica, IN 48721",5.03
Jessica Collins,fyoung@example.org,6855703579,Lake Christopher,"74634 West Via Apt. 090
Davisburgh, NV 44662",3.95
Chelsea Moore,frosario@example.org,4915131583,Rhondaland,"7113 Tyler Springs
North Brandy, WA 08906",9.96
Brian Mcdaniel,bellnathaniel@example.net,8187821883,East Jamesstad,"633 Gail Bridge
East Natalieville, RI 80142",9.98
Sheila Krueger,mitchelledward@example.net,5248810663,Thomaston,"PSC 9739, Box 3164
APO AA 95411",6.1
Tiffany Powell,kristie35@example.net,0846574206,Leeside,"77600 Wilson Haven Apt. 928
Vasquezfort, AL 05135",7.08
Allison Miller,rickey07@example.com,9239950639,Millerton,"USNV Terrell
FPO AE 33641",8.42
Ronald Meyer,jvega@example.net,3161829546,North Joshua,"8161 Elizabeth Turnpike
East Jacob, WV 49047",9.52
Kimberly Long,kathrynhahn@example.org,5927187601,Pamelastad,"PSC 4854, Box 4844
APO AE 17844",3.02
Amber Warren,brittany60@example.org,0908788015,South Diana,"Unit 8038 Box 6705
DPO AA 19935",2.57
Robert Hernandez,benjaminkey@example.org,6537667861,Maxwellfort,"90609 Edward Parks Apt. 313
New Heatherview, TN 79082",4.85
Paula Collins,anne26@example.org,3873117623,Alvaradoborough,"667 Jennifer Mountains Apt. 405
Heatherberg, PW 15525",5.78
Carrie Shannon,sanchezjeffrey@example.org,8916734643,New Manuelborough,"58300 Lydia Trail
Spencerhaven, MO 57544",1.62
Debbie Gregory,danny57@example.org,9746388865,East Amyside,"4171 Cynthia Extensions
Williamsonhaven, OR 51946",2.01
